<?xml version="2.0.0" encoding="UTF-8" standalone="yes"?>
<addon id="repositorio.magusplayrepo" name="Magusplay Repo" version="2.0.0" provider-name="Team Magusplay">
    <extension point="xbmc.addon.repository" name="Nome Repository">
        <dir>
            <info compressed="false">https://raw.githubusercontent.com/magusvfs/magusrepo/master/zips/addons.xml</info>
            <checksum>https://raw.githubusercontent.com/magusvfs/magusrepo/master/zips/addons.xml.md5</checksum>
            <datadir zip="true">https://raw.githubusercontent.com/magusvfs/magusrepo/main/zips/</datadir>
        </dir>
    </extension>
    <extension point="xbmc.addon.metadata">
        <summary>Repósitorio Magusplay</summary>
        <description>Repositório oficial Magusplay</description>
        <disclaimer></disclaimer>
        <platform>all</platform>
        <assets>
            <icon>icon.png</icon>
            <fanart>fanart.jpg</fanart>
        </assets>
    </extension>
</addon>